Workbook
Name Slicer_Month_Name: #N/A
Name Slicer_Region: #N/A

Sheet Input Data
A1: DATE | B1: CUSTOMER NAME | C1: PRODUCT | D1: UNIT PRICE ($) | E1: QUANTITY | F1: Actual Sales($) | G1: Country | H1: Region | I1: Month | J1: Week | K1: Month Name | L1: Target
A2: 44197 | B2: Customer33 | C2: Product24 | D2: 156.96 | E2: 9 | F2: =D2*E2 -> 1412.64 | G2: =_xlfn.XLOOKUP(B2,Customer!A:A,Customer!B:B) -> India | H2: =_xlfn.XLOOKUP(B2,Customer!A:A,Customer!C:C) -> Western | I2: =MONTH(A2) -> 1 | J2: =WEEKNUM(A2) -> 1 | K2: =TEXT(A2, "mmm") -> Jan | L2: =_xlfn.XLOOKUP(K2,Target!B:B,Target!C:C) -> 90000
A3: 44197 | B3: Customer29 | C3: Product22 | D3: 141.57 | E3: 1 | F3: =D3*E3 -> 141.57 | G3: =_xlfn.XLOOKUP(B3,Customer!A:A,Customer!B:B) -> India | H3: =_xlfn.XLOOKUP(B3,Customer!A:A,Customer!C:C) -> South | I3: =MONTH(A3) -> 1 | J3: =WEEKNUM(A3) -> 1 | K3: =TEXT(A3, "mmm") -> Jan | L3: =_xlfn.XLOOKUP(K3,Target!B:B,Target!C:C) -> 90000
A4: 44198 | B4: Customer31 | C4: Product38 | D4: 79.92 | E4: 15 | F4: =D4*E4 -> 1198.8 | G4: =_xlfn.XLOOKUP(B4,Customer!A:A,Customer!B:B) -> India | H4: =_xlfn.XLOOKUP(B4,Customer!A:A,Customer!C:C) -> North | I4: =MONTH(A4) -> 1 | J4: =WEEKNUM(A4) -> 1 | K4: =TEXT(A4, "mmm") -> Jan | L4: =_xlfn.XLOOKUP(K4,Target!B:B,Target!C:C) -> 90000
A5: 44198 | B5: Customer03 | C5: Product33 | D5: 119.7 | E5: 1 | F5: =D5*E5 -> 119.7 | G5: =_xlfn.XLOOKUP(B5,Customer!A:A,Customer!B:B) -> India | H5: =_xlfn.XLOOKUP(B5,Customer!A:A,Customer!C:C) -> Northeast | I5: =MONTH(A5) -> 1 | J5: =WEEKNUM(A5) -> 1 | K5: =TEXT(A5, "mmm") -> Jan | L5: =_xlfn.XLOOKUP(K5,Target!B:B,Target!C:C) -> 90000
A6: 44198 | B6: Customer05 | C6: Product15 | D6: 15.72 | E6: 2 | F6: =D6*E6 -> 31.44 | G6: =_xlfn.XLOOKUP(B6,Customer!A:A,Customer!B:B) -> India | H6: =_xlfn.XLOOKUP(B6,Customer!A:A,Customer!C:C) -> Northeast | I6: =MONTH(A6) -> 1 | J6: =WEEKNUM(A6) -> 1 | K6: =TEXT(A6, "mmm") -> Jan | L6: =_xlfn.XLOOKUP(K6,Target!B:B,Target!C:C) -> 90000
A7: 44198 | B7: Customer35 | C7: Product10 | D7: 164.28 | E7: 7 | F7: =D7*E7 -> 1149.96 | G7: =_xlfn.XLOOKUP(B7,Customer!A:A,Customer!B:B) -> India | H7: =_xlfn.XLOOKUP(B7,Customer!A:A,Customer!C:C) -> North | I7: =MONTH(A7) -> 1 | J7: =WEEKNUM(A7) -> 1 | K7: =TEXT(A7, "mmm") -> Jan | L7: =_xlfn.XLOOKUP(K7,Target!B:B,Target!C:C) -> 90000
A8: 44198 | B8: Customer38 | C8: Product13 | D8: 122.08 | E8: 6 | F8: =D8*E8 -> 732.48 | G8: =_xlfn.XLOOKUP(B8,Customer!A:A,Customer!B:B) -> India | H8: =_xlfn.XLOOKUP(B8,Customer!A:A,Customer!C:C) -> Northeast | I8: =MONTH(A8) -> 1 | J8: =WEEKNUM(A8) -> 1 | K8: =TEXT(A8, "mmm") -> Jan | L8: =_xlfn.XLOOKUP(K8,Target!B:B,Target!C:C) -> 90000
A9: 44198 | B9: Customer39 | C9: Product15 | D9: 15.72 | E9: 25 | F9: =D9*E9 -> 393 | G9: =_xlfn.XLOOKUP(B9,Customer!A:A,Customer!B:B) -> Germany | H9: =_xlfn.XLOOKUP(B9,Customer!A:A,Customer!C:C) -> Export | I9: =MONTH(A9) -> 1 | J9: =WEEKNUM(A9) -> 1 | K9: =TEXT(A9, "mmm") -> Jan | L9: =_xlfn.XLOOKUP(K9,Target!B:B,Target!C:C) -> 90000
A10: 44199 | B10: Customer34 | C10: Product14 | D10: 146.72 | E10: 21 | F10: =D10*E10 -> 3081.12 | G10: =_xlfn.XLOOKUP(B10,Customer!A:A,Customer!B:B) -> India | H10: =_xlfn.XLOOKUP(B10,Customer!A:A,Customer!C:C) -> Northeast | I10: =MONTH(A10) -> 1 | J10: =WEEKNUM(A10) -> 2 | K10: =TEXT(A10, "mmm") -> Jan | L10: =_xlfn.XLOOKUP(K10,Target!B:B,Target!C:C) -> 90000
A11: 44199 | B11: Customer18 | C11: Product43 | D11: 83.08 | E11: 9 | F11: =D11*E11 -> 747.72 | G11: =_xlfn.XLOOKUP(B11,Customer!A:A,Customer!B:B) -> India | H11: =_xlfn.XLOOKUP(B11,Customer!A:A,Customer!C:C) -> Western | I11: =MONTH(A11) -> 1 | J11: =WEEKNUM(A11) -> 2 | K11: =TEXT(A11, "mmm") -> Jan | L11: =_xlfn.XLOOKUP(K11,Target!B:B,Target!C:C) -> 90000
A12: 44199 | B12: Customer20 | C12: Product38 | D12: 79.92 | E12: 31 | F12: =D12*E12 -> 2477.52 | G12: =_xlfn.XLOOKUP(B12,Customer!A:A,Customer!B:B) -> United Kingdom | H12: =_xlfn.XLOOKUP(B12,Customer!A:A,Customer!C:C) -> Export | I12: =MONTH(A12) -> 1 | J12: =WEEKNUM(A12) -> 2 | K12: =TEXT(A12, "mmm") -> Jan | L12: =_xlfn.XLOOKUP(K12,Target!B:B,Target!C:C) -> 90000
A13: 44199 | B13: Customer37 | C13: Product04 | D13: 48.84 | E13: 5 | F13: =D13*E13 -> 244.2 | G13: =_xlfn.XLOOKUP(B13,Customer!A:A,Customer!B:B) -> United States of America | H13: =_xlfn.XLOOKUP(B13,Customer!A:A,Customer!C:C) -> Export | I13: =MONTH(A13) -> 1 | J13: =WEEKNUM(A13) -> 2 | K13: =TEXT(A13, "mmm") -> Jan | L13: =_xlfn.XLOOKUP(K13,Target!B:B,Target!C:C) -> 90000
... A833: 44561 | B833: Customer18 | C833: Product33 | D833: 119.7 | E833: 12 | F833: =D833*E833 -> 1436.4 | G833: =_xlfn.XLOOKUP(B833,Customer!A:A,Customer!B:B) -> India | H833: =_xlfn.XLOOKUP(B833,Customer!A:A,Customer!C:C) -> Western | I833: =MONTH(A833) -> 12 | J833: =WEEKNUM(A833) -> 53 | K833: =TEXT(A833, "mmm") -> Dec | L833: =_xlfn.XLOOKUP(K833,Target!B:B,Target!C:C) -> 80000

Sheet Pivot tables
A4: Row Labels | B4: Total Sales | C4: Row Labels | D4: Total Sales | F4: Row Labels | G4: Total Sales | I4: Row Labels | J4: Total Sales | L4: Row Labels | M4: Total Sales | O4: Row Labels | P4: Total Sales
A5: Jan | B5: 92118.79 | C5: 1 | D5: 5179.59 | F5: Customer33 | G5: 60929.15 | I5: Product30 | J5: 57968.64 | L5: Export | M5: 531575.62 | O5: Bangladesh | P5: 31336.23 | R5: {=OFFSET(O4,1,0,COUNTA(O5:O19),2)} -> Bangladesh | S5: 31336.23
A6: Feb | B6: 91137.05 | C6: 2 | D6: 21116.73 | F6: Customer22 | G6: 45112.95 | I6: Product41 | J6: 57554.28 | L6: Western | M6: 121781.39 | O6: Brazil | P6: 39438.44 | R6: Brazil | S6: 39438.44
A7: Mar | B7: 97920.72 | C7: 3 | D7: 14261.19 | F7: Customer23 | G7: 43062.83 | I7: Product24 | J7: 49599.36 | L7: Northeast | M7: 83994.49 | O7: Ethiopia | P7: 39653.93 | R7: Ethiopia | S7: 39653.93
A8: Apr | B8: 72320.89 | C8: 4 | D8: 11433.2 | F8: Grand Total | G8: 149104.93 | I8: Product19 | J8: 41580 | L8: East | M8: 75939.73 | O8: France | P8: 14337.4 | R8: France | S8: 14337.4
A9: May | B9: 70511.76 | C9: 5 | D9: 33727.55 | I9: Product22 | J9: 41055.3 | L9: Central | M9: 72920.48 | O9: Germany | P9: 16810.72 | R9: Germany | S9: 16810.72
A10: Jun | B10: 66727.4 | C10: 6 | D10: 34794.82 | I10: Product32 | J10: 40883.04 | L10: South | M10: 53277.57 | O10: India | P10: 452995.44 | R10: India | S10: 452995.44
A11: Jul | B11: 92661.55 | C11: 7 | D11: 32107.1 | I11: Product21 | J11: 39659.76 | L11: North | M11: 45081.78 | O11: Indonesia | P11: 8394.32 | R11: Indonesia | S11: 8394.32
A12: Aug | B12: 69125.75 | C12: 8 | D12: 11777.67 | I12: Product05 | J12: 38591.28 | L12: Grand Total | M12: 984571.06 | O12: Mexico | P12: 65776.76 | R12: Mexico | S12: 65776.76
A13: Sep | B13: 78253.53 | C13: 9 | D13: 17571.59 | I13: Product42 | J13: 38232 | O13: Nigeria | P13: 39993.27 | R13: Nigeria | S13: 39993.27
A14: Oct | B14: 87136.37 | C14: 10 | D14: 17413.3 | I14: Product10 | J14: 34991.64 | O14: Pakistan | P14: 77523.28 | R14: Pakistan | S14: 77523.28
A15: Nov | B15: 75659.86 | C15: 11 | D15: 18811.39 | I15: Grand Total | J15: 440115.3 | O15: Russia | P15: 63344.34 | R15: Russia | S15: 63344.34
A16: Dec | B16: 90997.39 | C16: 12 | D16: 29446.46 | O16: Saudi Arabia | P16: 38317.79 | R16: Saudi Arabia | S16: 38317.79
A17: Grand Total | B17: 984571.06 | C17: 13 | D17: 22723.6 | O17: South Africa | P17: 32808.02 | R17: South Africa | S17: 32808.02
C18: 14 | D18: 13729.81 | O18: United Kingdom | P18: 50749.04 | R18: United Kingdom | S18: 50749.04
C19: 15 | D19: 27820.09 | O19: United States of America | P19: 13092.08 | R19: United States of America | S19: 13092.08
C20: 16 | D20: 9407.51 | O20: Grand Total | P20: 984571.06
C21: 17 | D21: 22127.3
C22: 18 | D22: 11809.4
C23: 19 | D23: 12750.54
C24: 20 | D24: 19691.76
C25: 21 | D25: 19171.71
C26: 22 | D26: 11617.86
C27: 23 | D27: 17000.62
C28: 24 | D28: 15273.35
C29: 25 | D29: 23043.47
C30: 26 | D30: 13593.79
C31: 27 | D31: 13197.89
C32: 28 | D32: 13311.34
... C57: 53 | D57: 27195.9
C58: Grand Total | D58: 984571.06

Sheet Dashboard

Sheet Target
A1: Month | B1: Month Name | C1: Target ($) | D1: Total Sales | E1: Acheiving the target | F1: Above | G1: Below
A2: 1 | B2: Jan | C2: 90000 | D2: =_xlfn.XLOOKUP(B2,'Pivot tables'!A:A,'Pivot tables'!B:B) -> 92118.79 | E2: =IF(C2<D2,"Acheived","Below the Target") -> Acheived | F2: =IF(TargetData[[#This Row],[Total Sales]]>TargetData[[#This Row],[Target ($)]],TargetData[[#This Row],[Total Sales]],NA()) -> 92118.79 | G2: =IF(TargetData[[#This Row],[Total Sales]]<TargetData[[#This Row],[Target ($)]],TargetData[[#This Row],[Total Sales]],NA()) -> #N/A
A3: 2 | B3: Feb | C3: 100000 | D3: =_xlfn.XLOOKUP(B3,'Pivot tables'!A:A,'Pivot tables'!B:B) -> 91137.05 | E3: =IF(C3<D3,"Acheived","Below the Target") -> Below the Target | F3: =IF(TargetData[[#This Row],[Total Sales]]>TargetData[[#This Row],[Target ($)]],TargetData[[#This Row],[Total Sales]],NA()) -> #N/A | G3: =IF(TargetData[[#This Row],[Total Sales]]<TargetData[[#This Row],[Target ($)]],TargetData[[#This Row],[Total Sales]],NA()) -> 91137.05
A4: 3 | B4: Mar | C4: 100000 | D4: =_xlfn.XLOOKUP(B4,'Pivot tables'!A:A,'Pivot tables'!B:B) -> 97920.72 | E4: =IF(C4<D4,"Acheived","Below the Target") -> Below the Target | F4: =IF(TargetData[[#This Row],[Total Sales]]>TargetData[[#This Row],[Target ($)]],TargetData[[#This Row],[Total Sales]],NA()) -> #N/A | G4: =IF(TargetData[[#This Row],[Total Sales]]<TargetData[[#This Row],[Target ($)]],TargetData[[#This Row],[Total Sales]],NA()) -> 97920.72
A5: 4 | B5: Apr | C5: 100000 | D5: =_xlfn.XLOOKUP(B5,'Pivot tables'!A:A,'Pivot tables'!B:B) -> 72320.89 | E5: =IF(C5<D5,"Acheived","Below the Target") -> Below the Target | F5: =IF(TargetData[[#This Row],[Total Sales]]>TargetData[[#This Row],[Target ($)]],TargetData[[#This Row],[Total Sales]],NA()) -> #N/A | G5: =IF(TargetData[[#This Row],[Total Sales]]<TargetData[[#This Row],[Target ($)]],TargetData[[#This Row],[Total Sales]],NA()) -> 72320.89
A6: 5 | B6: May | C6: 90000 | D6: =_xlfn.XLOOKUP(B6,'Pivot tables'!A:A,'Pivot tables'!B:B) -> 70511.76 | E6: =IF(C6<D6,"Acheived","Below the Target") -> Below the Target | F6: =IF(TargetData[[#This Row],[Total Sales]]>TargetData[[#This Row],[Target ($)]],TargetData[[#This Row],[Total Sales]],NA()) -> #N/A | G6: =IF(TargetData[[#This Row],[Total Sales]]<TargetData[[#This Row],[Target ($)]],TargetData[[#This Row],[Total Sales]],NA()) -> 70511.76
A7: 6 | B7: Jun | C7: 90000 | D7: =_xlfn.XLOOKUP(B7,'Pivot tables'!A:A,'Pivot tables'!B:B) -> 66727.4 | E7: =IF(C7<D7,"Acheived","Below the Target") -> Below the Target | F7: =IF(TargetData[[#This Row],[Total Sales]]>TargetData[[#This Row],[Target ($)]],TargetData[[#This Row],[Total Sales]],NA()) -> #N/A | G7: =IF(TargetData[[#This Row],[Total Sales]]<TargetData[[#This Row],[Target ($)]],TargetData[[#This Row],[Total Sales]],NA()) -> 66727.4
A8: 7 | B8: Jul | C8: 90000 | D8: =_xlfn.XLOOKUP(B8,'Pivot tables'!A:A,'Pivot tables'!B:B) -> 92661.55 | E8: =IF(C8<D8,"Acheived","Below the Target") -> Acheived | F8: =IF(TargetData[[#This Row],[Total Sales]]>TargetData[[#This Row],[Target ($)]],TargetData[[#This Row],[Total Sales]],NA()) -> 92661.55 | G8: =IF(TargetData[[#This Row],[Total Sales]]<TargetData[[#This Row],[Target ($)]],TargetData[[#This Row],[Total Sales]],NA()) -> #N/A
A9: 8 | B9: Aug | C9: 90000 | D9: =_xlfn.XLOOKUP(B9,'Pivot tables'!A:A,'Pivot tables'!B:B) -> 69125.75 | E9: =IF(C9<D9,"Acheived","Below the Target") -> Below the Target | F9: =IF(TargetData[[#This Row],[Total Sales]]>TargetData[[#This Row],[Target ($)]],TargetData[[#This Row],[Total Sales]],NA()) -> #N/A | G9: =IF(TargetData[[#This Row],[Total Sales]]<TargetData[[#This Row],[Target ($)]],TargetData[[#This Row],[Total Sales]],NA()) -> 69125.75
A10: 9 | B10: Sep | C10: 90000 | D10: =_xlfn.XLOOKUP(B10,'Pivot tables'!A:A,'Pivot tables'!B:B) -> 78253.53 | E10: =IF(C10<D10,"Acheived","Below the Target") -> Below the Target | F10: =IF(TargetData[[#This Row],[Total Sales]]>TargetData[[#This Row],[Target ($)]],TargetData[[#This Row],[Total Sales]],NA()) -> #N/A | G10: =IF(TargetData[[#This Row],[Total Sales]]<TargetData[[#This Row],[Target ($)]],TargetData[[#This Row],[Total Sales]],NA()) -> 78253.53
A11: 10 | B11: Oct | C11: 80000 | D11: =_xlfn.XLOOKUP(B11,'Pivot tables'!A:A,'Pivot tables'!B:B) -> 87136.37 | E11: =IF(C11<D11,"Acheived","Below the Target") -> Acheived | F11: =IF(TargetData[[#This Row],[Total Sales]]>TargetData[[#This Row],[Target ($)]],TargetData[[#This Row],[Total Sales]],NA()) -> 87136.37 | G11: =IF(TargetData[[#This Row],[Total Sales]]<TargetData[[#This Row],[Target ($)]],TargetData[[#This Row],[Total Sales]],NA()) -> #N/A
A12: 11 | B12: Nov | C12: 80000 | D12: =_xlfn.XLOOKUP(B12,'Pivot tables'!A:A,'Pivot tables'!B:B) -> 75659.86 | E12: =IF(C12<D12,"Acheived","Below the Target") -> Below the Target | F12: =IF(TargetData[[#This Row],[Total Sales]]>TargetData[[#This Row],[Target ($)]],TargetData[[#This Row],[Total Sales]],NA()) -> #N/A | G12: =IF(TargetData[[#This Row],[Total Sales]]<TargetData[[#This Row],[Target ($)]],TargetData[[#This Row],[Total Sales]],NA()) -> 75659.86
A13: 12 | B13: Dec | C13: 80000 | D13: =_xlfn.XLOOKUP(B13,'Pivot tables'!A:A,'Pivot tables'!B:B) -> 90997.39 | E13: =IF(C13<D13,"Acheived","Below the Target") -> Acheived | F13: =IF(TargetData[[#This Row],[Total Sales]]>TargetData[[#This Row],[Target ($)]],TargetData[[#This Row],[Total Sales]],NA()) -> 90997.39 | G13: =IF(TargetData[[#This Row],[Total Sales]]<TargetData[[#This Row],[Target ($)]],TargetData[[#This Row],[Total Sales]],NA()) -> #N/A

Sheet Customer
A1: Customer Name | B1: Country | C1: Region
A2: Customer01 | B2: Nigeria | C2: Export
A3: Customer02 | B3: Bangladesh | C3: Export
A4: Customer03 | B4: India | C4: Northeast
A5: Customer04 | B5: Saudi Arabia | C5: Export
A6: Customer05 | B6: India | C6: Northeast
A7: Customer06 | B7: Pakistan | C7: Export
A8: Customer07 | B8: Indonesia | C8: Export
A9: Customer08 | B9: United Kingdom | C9: Export
A10: Customer09 | B10: Russia | C10: Export
A11: Customer10 | B11: India | C11: South
A12: Customer11 | B12: Mexico | C12: Export
... A41: Customer40 | B41: United States of America | C41: Export
